Faction,Score,Times Played
Ca,58,4
Kj,48.8333,3
Fad,44.08333,2
Im,42.8333,4
Kt,36.41666,2
En,34.08333,3